{"cameraMode":{"drawMode":0,"name":"Shaded","section":"Shading Mode"},"sceneLighting":false,"audioPlay":false,"sceneViewState":{"m_AlwaysRefresh":false,"showFog":true,"showSkybox":false,"showFlares":true,"showImageEffects":true,"showParticleSystems":true,"showVisualEffectGraphs":true,"m_FxEnabled":true},"in2DMode":false,"pivot":{"x":17.379974365234376,"y":-13.389996528625489,"z":-0.01500028371810913},"rotation":{"x":-0.001519599580205977,"y":0.4372138977050781,"z":0.0007404020871035755,"w":0.8993648886680603},"size":18.584646224975587,"orthographic":false}