{"cameraMode":{"drawMode":0,"name":"Shaded","section":"Shading Mode"},"sceneLighting":false,"audioPlay":false,"sceneViewState":{"m_AlwaysRefresh":false,"showFog":true,"showSkybox":false,"showFlares":true,"showImageEffects":true,"showParticleSystems":true,"showVisualEffectGraphs":true,"m_FxEnabled":true},"in2DMode":false,"pivot":{"x":0.009979486465454102,"y":148.52499389648438,"z":-0.03000032901763916},"rotation":{"x":0.017994474619627,"y":0.02249445766210556,"z":-0.00040494519635103643,"w":0.9995852708816528},"size":14.728569984436036,"orthographic":false}